{"mainProjectName":"Mindmap","projects":[{"id":"R2asL6Le|23-04-23-21-02-00","title":"First","theme":{"id":"3qpMCaXM|23-04-23-21-02-00"},"rootTopic":{"id":"MW45Q3Qz|23-04-23-21-02-00","title":"markdown","note":{"content":"rootTopic"},"labels":["rootTopic"],"children":[{"id":"6kitq1NZ|23-04-23-21-02-00","title":"公式","note":{"content":"$E = mc^2$\n"},"labels":["secondTopic"],"children":[{"id":"8WTKNtM7|23-05-09-20-55-48","title":"Created","note":{"content":null},"labels":["unUsed","Welcome"],"children":[]},{"id":"4KFLqqp1|23-05-09-20-55-49","title":"Created","note":{"content":null},"labels":["unUsed","Welcome"],"children":[]}]},{"id":"VHVbTAHA|23-04-23-21-02-00","title":"代码","note":{"content":"`const a = \"Hello world\"`\n"},"labels":["Third"],"children":[{"id":"MVLcPrJL|23-04-23-21-02-00","title":"Last5","note":{"content":null},"labels":["Last4"],"children":[{"id":"dFIlgPaG|23-04-23-21-02-00","title":"Last","note":{"content":null},"labels":["Last4"],"children":[]}]}]}]}},{"id":"qhiMHLgR|23-04-23-21-02-00","title":"Second","theme":{"id":"fYiLXlwx|23-04-23-21-02-00"},"rootTopic":{"id":"BSTNbjad|23-04-23-21-02-00","title":"Second","note":{"content":"rootTopic"},"labels":["rootTopic"],"children":[{"id":"PFX8KgdI|23-04-23-21-02-00","title":"secondTopic","note":{"content":"secondTopic"},"labels":["secondTopic"],"children":[]},{"id":"pcNACrKx|23-04-23-21-02-00","title":"Third","note":{"content":null},"labels":["Third"],"children":[{"id":"1Rc76RYM|23-04-23-21-02-00","title":"Last4","note":{"content":null},"labels":["Last4"],"children":[]},{"id":"WHrcOGMb|23-04-23-21-02-00","title":"Last5","note":{"content":null},"labels":["Last4"],"children":[{"id":"nx9K9w7s|23-04-23-21-02-00","title":"Last","note":{"content":null},"labels":["Last4"],"children":[]}]}]}]}},{"id":"MjojpwQn|23-04-23-21-02-00","title":"Third","theme":{"id":"ydQmWH4H|23-04-23-21-02-00"},"rootTopic":{"id":"Af8wQfrd|23-04-23-21-02-00","title":"Third","note":{"content":"rootTopic"},"labels":["rootTopic"],"children":[{"id":"eKw2mQZj|23-04-23-21-02-00","title":"secondTopic","note":{"content":"secondTopic"},"labels":["secondTopic"],"children":[]},{"id":"fDhqdI4q|23-04-23-21-02-00","title":"Third","note":{"content":null},"labels":["Third"],"children":[{"id":"mnO3JsDD|23-04-23-21-02-00","title":"Last4","note":{"content":null},"labels":["Last4"],"children":[]},{"id":"IHnvrh3f|23-04-23-21-02-00","title":"Last5","note":{"content":null},"labels":["Last4"],"children":[{"id":"1zq4EEzJ|23-04-23-21-02-00","title":"Last","note":{"content":null},"labels":["Last4"],"children":[]}]}]}]}}]}