{"mainProjectName":"Mindmap","projects":[{"id":"xftRdaey|23-05-17-23-37-12","title":"Project1","theme":{"id":"37s2P6tq|23-05-17-23-37-12"},"rootTopic":{"id":"OyQMsoV2|23-05-17-23-37-12","title":"根节点","note":{"content":"rootTopic"},"labels":[],"children":[{"id":"6Ip4WQqk|23-05-17-23-37-12","title":"secondTopic","note":{"content":"secondTopic"},"labels":["secondTopic"],"children":[]},{"id":"RUYc6Cqb|23-05-17-23-37-12","title":"Third","note":{"content":null},"labels":["Third"],"children":[{"id":"HC8rmWhO|23-05-17-23-37-12","title":"Last4","note":{"content":null},"labels":["Last4"],"children":[]},{"id":"3FJvM2Ww|23-05-17-23-37-12","title":"Last5","note":{"content":null},"labels":["Last4"],"children":[{"id":"FuQ3Oi58|23-05-17-23-37-12","title":"Last","note":{"content":null},"labels":["Last4"],"children":[]}]}]}]}},{"id":"mL0946c9|23-05-17-23-37-12","title":"Project1","theme":{"id":"v2kIjV9k|23-05-17-23-37-12"},"rootTopic":{"id":"bR2s2YKB|23-05-17-23-37-12","title":"rootTopic","note":{"content":"rootTopic"},"labels":["rootTopic"],"children":[{"id":"jXvFfE8q|23-05-17-23-37-12","title":"secondTopic","note":{"content":"secondTopic"},"labels":["secondTopic"],"children":[]},{"id":"hWd9gvoG|23-05-17-23-37-12","title":"Third","note":{"content":null},"labels":["Third"],"children":[{"id":"Kjs3nwjm|23-05-17-23-37-12","title":"Last4","note":{"content":null},"labels":["Last4"],"children":[]},{"id":"04PPMwwa|23-05-17-23-37-12","title":"Last5","note":{"content":null},"labels":["Last4"],"children":[{"id":"gfifvCI2|23-05-17-23-37-12","title":"Last","note":{"content":null},"labels":["Last4"],"children":[]}]}]}]}},{"id":"vRO8uu6N|23-05-17-23-37-12","title":"Project1","theme":{"id":"YjL2u7dK|23-05-17-23-37-12"},"rootTopic":{"id":"qsrrsx3q|23-05-17-23-37-12","title":"rootTopic","note":{"content":"rootTopic"},"labels":["rootTopic"],"children":[{"id":"uNKMNfjV|23-05-17-23-37-12","title":"secondTopic","note":{"content":"secondTopic"},"labels":["secondTopic"],"children":[]},{"id":"QygW4OQI|23-05-17-23-37-12","title":"Third","note":{"content":null},"labels":["Third"],"children":[{"id":"2fK5gj6R|23-05-17-23-37-12","title":"Last4","note":{"content":null},"labels":["Last4"],"children":[]},{"id":"cNoo4x2Y|23-05-17-23-37-12","title":"Last5","note":{"content":null},"labels":["Last4"],"children":[{"id":"bXdfF5Wm|23-05-17-23-37-12","title":"Last","note":{"content":null},"labels":["Last4"],"children":[]}]}]}]}}]}